Cost_Center_ID,Cost_Center_WID,Cost_Center_Code,Cost_Center_Name,Hierarchy,Subtype
CC_0001,bf3125ddbf2dfb6e64ef5a2930f50cb7,0001,Office of the CEO - General,WARLab > Office of the CEO > General,Cost Center
CC_0002,17dc73166083b74f1d94219a15ecb48b,0002,Office of the CEO - Projects,WARLab > Office of the CEO > Projects,Cost Center
CC_0003,7c35a9bc5835a0ee662a277dad7868d4,0003,Office of the CEO - Operations,WARLab > Office of the CEO > Operations,Cost Center
CC_0004,11d8dce6b9432faf21d8210ef563ce16,0004,Office of the CEO - Support,WARLab > Office of the CEO > Support,Cost Center
CC_0005,b4521825cb9d244f76a19e4005b08af1,0005,Finance - General,WARLab > Finance > General,Cost Center
CC_0006,26fefb1ed622f25ab4b0f48cdc9f2433,0006,Finance - Projects,WARLab > Finance > Projects,Cost Center
CC_0007,24148d08f7764786f94be082c8a22edc,0007,Finance - Operations,WARLab > Finance > Operations,Cost Center
CC_0008,b92bbf1694ee812e95db5fd4e8f66246,0008,Finance - Support,WARLab > Finance > Support,Cost Center
CC_0009,afcf0e969f8358b28ada2c6780168856,0009,Finance - Strategy,WARLab > Finance > Strategy,Cost Center
CC_0010,64101c53dea0f996a925d5aeb4b90ee6,0010,Finance - Analytics,WARLab > Finance > Analytics,Cost Center
CC_0011,d3955e0d0de041e60af880b73e9ade6c,0011,Finance - Delivery,WARLab > Finance > Delivery,Cost Center
CC_0012,be4c070cadc1781c7c687a4583ed5b1a,0012,Finance - Infrastructure,WARLab > Finance > Infrastructure,Cost Center
CC_0013,6edc409bfa5958f5a5314dd7963243ca,0013,Finance - Advisory,WARLab > Finance > Advisory,Cost Center
CC_0014,49ecff0471d61b7f19a71ed06cab144d,0014,Finance - Compliance,WARLab > Finance > Compliance,Cost Center
CC_0015,85409ac02b6624a15416f2394cdcff50,0015,Finance - Trading,WARLab > Finance > Trading,Cost Center
CC_0016,96c7c7d7392ed81a968b39b9386005e4,0016,Finance - Processing,WARLab > Finance > Processing,Cost Center
CC_0017,c2f36b834375d7ed2d526254a8a30267,0017,Finance - Client Services,WARLab > Finance > Client Services,Cost Center
CC_0018,c8182f692f84241395c48b6fe7c8a502,0018,Finance - Research,WARLab > Finance > Research,Cost Center
CC_0019,e4cbec1b0581f97ef4aeb76a920eb96b,0019,Finance - Development,WARLab > Finance > Development,Cost Center
CC_0020,8527e2a9a4af379c1b87b1cc175ece4c,0020,Finance - Planning,WARLab > Finance > Planning,Cost Center
CC_0021,5ea81cb65905a176e0fe2aaaf8a5bb9f,0021,Finance - Governance,WARLab > Finance > Governance,Cost Center
CC_0022,59e2c428d2a45e62750508196495c7a6,0022,Finance - Reporting,WARLab > Finance > Reporting,Cost Center
CC_0023,b64c9a9dbfa773bb761365bf7c6fd978,0023,Technology - General,WARLab > Technology > General,Cost Center
CC_0024,510c9420b90c959cff59eecc6d1f612c,0024,Technology - Projects,WARLab > Technology > Projects,Cost Center
CC_0025,3b7b57f7bc43edf055fdba74e13d14ee,0025,Technology - Operations,WARLab > Technology > Operations,Cost Center
CC_0026,cb95ebd99492b77d8761c63f4da7bae4,0026,Technology - Support,WARLab > Technology > Support,Cost Center
CC_0027,269f88cb5134d5ba65eb134cd6cfc0a0,0027,Technology - Strategy,WARLab > Technology > Strategy,Cost Center
CC_0028,164c39a5ce64a282a4abf7f6efb00711,0028,Technology - Analytics,WARLab > Technology > Analytics,Cost Center
CC_0029,5c96b4c970e66403dfda14a6522e42c6,0029,Technology - Delivery,WARLab > Technology > Delivery,Cost Center
CC_0030,ca4edecabb191d84f8294874fbe3dce9,0030,Technology - Infrastructure,WARLab > Technology > Infrastructure,Cost Center
CC_0031,903d4713c76abc838efc84b50c750104,0031,Technology - Advisory,WARLab > Technology > Advisory,Cost Center
CC_0032,4cf1e26bef5263fd4f0fd3ce06bd5f67,0032,Technology - Compliance,WARLab > Technology > Compliance,Cost Center
CC_0033,8ed0d36e0b08a995f15be487f6912589,0033,Technology - Trading,WARLab > Technology > Trading,Cost Center
CC_0034,f1b8cbb877b4bb1128eb445196480207,0034,Technology - Processing,WARLab > Technology > Processing,Cost Center
CC_0035,bd40bbe870bb976de5981ff970fc9a33,0035,Technology - Client Services,WARLab > Technology > Client Services,Cost Center
CC_0036,0d541cda86056d7dee1df4dd0e3c4eea,0036,Technology - Research,WARLab > Technology > Research,Cost Center
CC_0037,d5c22703d53792e6001f32a474a66d71,0037,Technology - Development,WARLab > Technology > Development,Cost Center
CC_0038,a671c844e05db26be20cbe62510cfc97,0038,Technology - Planning,WARLab > Technology > Planning,Cost Center
CC_0039,e26a0c338950b06ccaa679247264d726,0039,Technology - Governance,WARLab > Technology > Governance,Cost Center
CC_0040,0fca61840e9bb9debc9e1e616f31d265,0040,Technology - Reporting,WARLab > Technology > Reporting,Cost Center
CC_0041,dc0538a851b192c0f360845b09b551a0,0041,Technology - Integration,WARLab > Technology > Integration,Cost Center
CC_0042,ad556e3881d980b8dc2ecc90c8096cb2,0042,Technology - Transformation,WARLab > Technology > Transformation,Cost Center
CC_0043,a7cd950e50e3fa851259a1be255a0d38,0043,Technology - General,WARLab > Technology > General,Cost Center
CC_0044,28a68cd594d00d0098fe288fad5f46bd,0044,Technology - Projects,WARLab > Technology > Projects,Cost Center
CC_0045,60b034860f530d7c0e4de4b9cb377df2,0045,Technology - Operations,WARLab > Technology > Operations,Cost Center
CC_0046,0b8961c1d96630242b5f3bce66bf9749,0046,Technology - Support,WARLab > Technology > Support,Cost Center
CC_0047,30ec553f6a48666b34b8409d5306a1d3,0047,Technology - Strategy,WARLab > Technology > Strategy,Cost Center
CC_0048,6a341271d871dca378830d11e4b9f36f,0048,Technology - Analytics,WARLab > Technology > Analytics,Cost Center
CC_0049,1f3a360b588ca7279ce54b5f2b68e9c5,0049,Technology - Delivery,WARLab > Technology > Delivery,Cost Center
CC_0050,f1a1b20cd00e000a11e092c7694eef37,0050,Technology - Infrastructure,WARLab > Technology > Infrastructure,Cost Center
CC_0051,a2f3f231ef1e372993a16cbeca3b3b9c,0051,Technology - Advisory,WARLab > Technology > Advisory,Cost Center
CC_0052,50386862d7bd279eb2fd63834ca02c44,0052,Technology - Compliance,WARLab > Technology > Compliance,Cost Center
CC_0053,c5aa8da8a2e079021fa988530ed168fd,0053,Technology - Trading,WARLab > Technology > Trading,Cost Center
CC_0054,6f67f9498a425d3d4238bd2015cb5611,0054,Technology - Processing,WARLab > Technology > Processing,Cost Center
CC_0055,42b4ae43bcd6832b4a4667dac97127f8,0055,Technology - Client Services,WARLab > Technology > Client Services,Cost Center
CC_0056,bbbde70805c497d1312cce57c7cbe245,0056,Technology - Research,WARLab > Technology > Research,Cost Center
CC_0057,5bcc9d25272e0cd75a61186efa13986c,0057,Technology - Development,WARLab > Technology > Development,Cost Center
CC_0058,3e6bce99e789a0b08035fbf1b256a08d,0058,Technology - Planning,WARLab > Technology > Planning,Cost Center
CC_0059,fe968df097d2627c1f9d64dfce95b969,0059,Technology - Governance,WARLab > Technology > Governance,Cost Center
CC_0060,7defd84a1f76dce34ff0bc31cda9be74,0060,Risk Management - General,WARLab > Risk Management > General,Cost Center
CC_0061,7dc22206e631a8e51962bef1917f7f66,0061,Risk Management - Projects,WARLab > Risk Management > Projects,Cost Center
CC_0062,714e3ac553b272a3e0534add6fcb47e3,0062,Risk Management - Operations,WARLab > Risk Management > Operations,Cost Center
CC_0063,d8535729f051be582eac5fc7680b60e0,0063,Risk Management - Support,WARLab > Risk Management > Support,Cost Center
CC_0064,4e9bfeb33a62d5455d0b3b9dc5120b51,0064,Risk Management - Strategy,WARLab > Risk Management > Strategy,Cost Center
CC_0065,10702e118184ed29dfe1d2e931924cb5,0065,Risk Management - Analytics,WARLab > Risk Management > Analytics,Cost Center
CC_0066,586139fcd55b1eca7c7801437f3a9b63,0066,Risk Management - Delivery,WARLab > Risk Management > Delivery,Cost Center
CC_0067,25828c322a40a3606559a5d89d339f47,0067,Risk Management - Infrastructure,WARLab > Risk Management > Infrastructure,Cost Center
CC_0068,5eaac8095bdef9f300a21a46f64dd963,0068,Risk Management - Advisory,WARLab > Risk Management > Advisory,Cost Center
CC_0069,8fdb25216cbf348a229705656d1994db,0069,Risk Management - Compliance,WARLab > Risk Management > Compliance,Cost Center
CC_0070,2107c2300d7b58f2c3f5e919010fde9b,0070,Risk Management - Trading,WARLab > Risk Management > Trading,Cost Center
CC_0071,d7907c56264d9af2cc6fde03a16dc2e8,0071,Risk Management - Processing,WARLab > Risk Management > Processing,Cost Center
CC_0072,db1c2430510ada04bcf38383f54259a4,0072,Risk Management - Client Services,WARLab > Risk Management > Client Services,Cost Center
CC_0073,27361156dbbfcd6a6aca854bb15cf965,0073,Risk Management - Research,WARLab > Risk Management > Research,Cost Center
CC_0074,181f2e4e71e37b13843512edfdef3814,0074,Risk Management - Development,WARLab > Risk Management > Development,Cost Center
CC_0075,594b413adb115bc2a78895cf37f4f6a7,0075,Risk Management - Planning,WARLab > Risk Management > Planning,Cost Center
CC_0076,8aedbb11190fe9513add262f6ce80055,0076,Risk Management - Governance,WARLab > Risk Management > Governance,Cost Center
CC_0077,1c96f1d1fe83a1d56b5324ba23a14d1c,0077,Risk Management - Reporting,WARLab > Risk Management > Reporting,Cost Center
CC_0078,93e7ceabe9bbb878646fa1047e6f60ce,0078,Risk Management - Integration,WARLab > Risk Management > Integration,Cost Center
CC_0079,2e8bb56a63cef6b4f20674e2b1d9c77c,0079,Risk Management - Transformation,WARLab > Risk Management > Transformation,Cost Center
CC_0080,04e5376e724ad4d299c13a6a613737f1,0080,Risk Management - General,WARLab > Risk Management > General,Cost Center
CC_0081,c4bae3f67a577e1ea1c19ce0e314d5b2,0081,Risk Management - Projects,WARLab > Risk Management > Projects,Cost Center
CC_0082,c44bc1fedf85ab1ae66d36619f1973bb,0082,Operations - General,WARLab > Operations > General,Cost Center
CC_0083,f3789c18b74f3a2eb4b3e6cf768a95bc,0083,Operations - Projects,WARLab > Operations > Projects,Cost Center
CC_0084,e8e5ea3821e95e8f456b23a2eb438a98,0084,Operations - Operations,WARLab > Operations > Operations,Cost Center
CC_0085,fba2b8802dccdecd9b79e5872f62be61,0085,Operations - Support,WARLab > Operations > Support,Cost Center
CC_0086,b15b537ebd1d9ddf93bb225506e65d78,0086,Operations - Strategy,WARLab > Operations > Strategy,Cost Center
CC_0087,4fac7d8ea734e9e6c497b9c2df597533,0087,Operations - Analytics,WARLab > Operations > Analytics,Cost Center
CC_0088,70af47653aaef272bca7f6dddcebb4d4,0088,Operations - Delivery,WARLab > Operations > Delivery,Cost Center
CC_0089,7773cf54ad82fd85d6139e9d29e9d82d,0089,Operations - Infrastructure,WARLab > Operations > Infrastructure,Cost Center
CC_0090,6bd22171a7e60fec75d16ac6e5f6ee71,0090,Operations - Advisory,WARLab > Operations > Advisory,Cost Center
CC_0091,f4bc2a4cf0da0d4c316a1c617f39c410,0091,Operations - Compliance,WARLab > Operations > Compliance,Cost Center
CC_0092,01f8e6c40419dd03e3ee3cc1384060c2,0092,Operations - Trading,WARLab > Operations > Trading,Cost Center
CC_0093,b632201cddcedd1cd55497d6e0ed3e1c,0093,Operations - Processing,WARLab > Operations > Processing,Cost Center
CC_0094,ee38c16f6d82c379f31e7723c7332874,0094,Operations - Client Services,WARLab > Operations > Client Services,Cost Center
CC_0095,2c1070e5d9104fffc9ccf36bf3de06f1,0095,Operations - Research,WARLab > Operations > Research,Cost Center
CC_0096,c39e4c8ddbbd37902238def4fdadf12e,0096,Operations - Development,WARLab > Operations > Development,Cost Center
CC_0097,fd7a60f5800ee9d1ca8a8196b8e6b6a5,0097,Operations - Planning,WARLab > Operations > Planning,Cost Center
CC_0098,8de65a73a79c36089d5d467ba87f54ce,0098,Operations - Governance,WARLab > Operations > Governance,Cost Center
CC_0099,2dd299e4766e977d4faab807e9eba0c3,0099,Operations - Reporting,WARLab > Operations > Reporting,Cost Center
CC_0100,0b6424e65a2108c1eff2b74634ff8c39,0100,Operations - Integration,WARLab > Operations > Integration,Cost Center
CC_0101,77b1282f07f84dc9e2d95c5e4f1cb6e9,0101,Operations - Transformation,WARLab > Operations > Transformation,Cost Center
CC_0102,34b40db1c46eeb636124b8f2896d3fca,0102,Operations - General,WARLab > Operations > General,Cost Center
CC_0103,0fda067c6ea3fdf440c0855908c54792,0103,Operations - Projects,WARLab > Operations > Projects,Cost Center
CC_0104,0ba0046ba37f64a642257bebbf4ed810,0104,Operations - Operations,WARLab > Operations > Operations,Cost Center
CC_0105,239e027e07b8f2df7788596cf67c08dd,0105,Operations - Support,WARLab > Operations > Support,Cost Center
CC_0106,70629358306b5648f345d64a97cc2231,0106,Operations - Strategy,WARLab > Operations > Strategy,Cost Center
CC_0107,0803f44b5f54b4fafe3151646ab4a5f5,0107,Operations - Analytics,WARLab > Operations > Analytics,Cost Center
CC_0108,95cf2e0cf77682a005fa3aa28dcb901a,0108,Operations - Delivery,WARLab > Operations > Delivery,Cost Center
CC_0109,4cb925caae796a8daa4179237c48b119,0109,Operations - Infrastructure,WARLab > Operations > Infrastructure,Cost Center
CC_0110,d36b2510941b31bc3b34bfd0fc7f7813,0110,Operations - Advisory,WARLab > Operations > Advisory,Cost Center
CC_0111,1c5cfc2ac5fa6e169dea6844f02c0433,0111,Operations - Compliance,WARLab > Operations > Compliance,Cost Center
CC_0112,36dae89e12a45f3e0b6f464a8a5f4b61,0112,Human Resources - General,WARLab > Human Resources > General,Cost Center
CC_0113,e1d533699b890f6dad4407e42439d69a,0113,Human Resources - Projects,WARLab > Human Resources > Projects,Cost Center
CC_0114,e0ea1cdf20ff96aaf5cef38a8994e44e,0114,Human Resources - Operations,WARLab > Human Resources > Operations,Cost Center
CC_0115,dbbba519d7b425dbf6744bb4b0043e8c,0115,Human Resources - Support,WARLab > Human Resources > Support,Cost Center
CC_0116,0853fdb03e1cf7524c47a06aea165013,0116,Human Resources - Strategy,WARLab > Human Resources > Strategy,Cost Center
CC_0117,7e69f2d1770551bccba0cf904019085f,0117,Human Resources - Analytics,WARLab > Human Resources > Analytics,Cost Center
CC_0118,f9822abd59e2b9d17ca7b7f0485d9b3f,0118,Human Resources - Delivery,WARLab > Human Resources > Delivery,Cost Center
CC_0119,8e78cc9f7c4478a2027957688c3aed4f,0119,Human Resources - Infrastructure,WARLab > Human Resources > Infrastructure,Cost Center
CC_0120,45248e4f2531a8326bb143424a232d33,0120,Human Resources - Advisory,WARLab > Human Resources > Advisory,Cost Center
CC_0121,e9b97899e8aa561b3eed4650375690ec,0121,Human Resources - Compliance,WARLab > Human Resources > Compliance,Cost Center
CC_0122,5115a528e726d903884e3fd1c5491a34,0122,Human Resources - Trading,WARLab > Human Resources > Trading,Cost Center
CC_0123,b175cdee26134729b677d9269778ea02,0123,Human Resources - Processing,WARLab > Human Resources > Processing,Cost Center
CC_0124,70cb9e1d0f421c76708e6ceb53483e60,0124,Legal - General,WARLab > Legal > General,Cost Center
CC_0125,c600eff35a8121a541a239bbba58712b,0125,Legal - Projects,WARLab > Legal > Projects,Cost Center
CC_0126,245867a2380e5f3fab73206037fc1fa8,0126,Legal - Operations,WARLab > Legal > Operations,Cost Center
CC_0127,2bc96a490224377f3d15c0f4dd083ed6,0127,Legal - Support,WARLab > Legal > Support,Cost Center
CC_0128,4269fbc2727bcb456b2114dc0f3ded48,0128,Legal - Strategy,WARLab > Legal > Strategy,Cost Center
CC_0129,6c2eb5169671454a45ac5eca1fcf5c63,0129,Legal - Analytics,WARLab > Legal > Analytics,Cost Center
CC_0130,a239f74d61cd1c910af26f48bcc1147f,0130,Legal - Delivery,WARLab > Legal > Delivery,Cost Center
CC_0131,3b2894ea0e23b1e65b38fd993c3efb35,0131,Legal - Infrastructure,WARLab > Legal > Infrastructure,Cost Center
CC_0132,d03e896139dec29ef8c39000938a2847,0132,Legal - Advisory,WARLab > Legal > Advisory,Cost Center
CC_0133,18e2ad90b4b7d94bac7eee30b6aedede,0133,Sales & Advisory - General,WARLab > Sales & Advisory > General,Cost Center
CC_0134,f5f297ebaaef38f0612faad1ce111739,0134,Sales & Advisory - Projects,WARLab > Sales & Advisory > Projects,Cost Center
CC_0135,c08e082a1a255f8d887aedfbfbf42d6f,0135,Sales & Advisory - Operations,WARLab > Sales & Advisory > Operations,Cost Center
CC_0136,dde2c9c09c255740b0fbd1a32e868e3e,0136,Sales & Advisory - Support,WARLab > Sales & Advisory > Support,Cost Center
CC_0137,7be3cfb2a3094b5da0ff556b6bdf6f80,0137,Sales & Advisory - Strategy,WARLab > Sales & Advisory > Strategy,Cost Center
CC_0138,98d9ddd4d48783827bb0d506868d58bd,0138,Sales & Advisory - Analytics,WARLab > Sales & Advisory > Analytics,Cost Center
CC_0139,762380188a53745bad052859b9f5e778,0139,Sales & Advisory - Delivery,WARLab > Sales & Advisory > Delivery,Cost Center
CC_0140,f819f0031b54cf88292c251d020fc94c,0140,Sales & Advisory - Infrastructure,WARLab > Sales & Advisory > Infrastructure,Cost Center
CC_0141,e3d80da1fb07dfc7d5765f01b3b1d769,0141,Sales & Advisory - Advisory,WARLab > Sales & Advisory > Advisory,Cost Center
CC_0142,0082ffd18383a8916695ae287a7d5eff,0142,Sales & Advisory - Compliance,WARLab > Sales & Advisory > Compliance,Cost Center
CC_0143,52750fd1e94b881cdff9aa31f18eaa42,0143,Sales & Advisory - Trading,WARLab > Sales & Advisory > Trading,Cost Center
CC_0144,975cf5da689f7e62b8d753cfc3e90e66,0144,Sales & Advisory - Processing,WARLab > Sales & Advisory > Processing,Cost Center
CC_0145,ccea68fb2dfd9c2edef7fefd744fbfaf,0145,Sales & Advisory - Client Services,WARLab > Sales & Advisory > Client Services,Cost Center
CC_0146,d834b850ef3ffd8f2b0ce4950f267334,0146,Sales & Advisory - Research,WARLab > Sales & Advisory > Research,Cost Center
CC_0147,3cb1480ec06cf29b30da0ad2f7180750,0147,Sales & Advisory - Development,WARLab > Sales & Advisory > Development,Cost Center
CC_0148,3663c9fecf5002d2af203fc4e1cc9fef,0148,Sales & Advisory - Planning,WARLab > Sales & Advisory > Planning,Cost Center
CC_0149,d5de5954e2cccc0a94df3eec62217f00,0149,Sales & Advisory - Governance,WARLab > Sales & Advisory > Governance,Cost Center
CC_0150,be2b7db91c72b294cde93473c66ca43c,0150,Sales & Advisory - Reporting,WARLab > Sales & Advisory > Reporting,Cost Center
CC_0151,4eb662b3f6b70da8a491d83a39d08e50,0151,Sales & Advisory - Integration,WARLab > Sales & Advisory > Integration,Cost Center
CC_0152,172974140c2e0d9cb8ab5e2d480fa3b4,0152,Sales & Advisory - Transformation,WARLab > Sales & Advisory > Transformation,Cost Center
CC_0153,a550e75ffc062d462da956e58f6a400e,0153,Sales & Advisory - General,WARLab > Sales & Advisory > General,Cost Center
CC_0154,b08e79a8e41ed0d260752c014c577d90,0154,Sales & Advisory - Projects,WARLab > Sales & Advisory > Projects,Cost Center
CC_0155,415bf44ae06a0434058bab5ea64e9afe,0155,Sales & Advisory - Operations,WARLab > Sales & Advisory > Operations,Cost Center
CC_0156,b1dee35955a847e1b3bc1f5ff9351060,0156,Sales & Advisory - Support,WARLab > Sales & Advisory > Support,Cost Center
CC_0157,d765a22cb6688657ba9a2fb9bbd67306,0157,Sales & Advisory - Strategy,WARLab > Sales & Advisory > Strategy,Cost Center
CC_0158,c4cee741fda5616cf83ca7872d81c091,0158,Sales & Advisory - Analytics,WARLab > Sales & Advisory > Analytics,Cost Center
CC_0159,f9c327d1d6cf8dee4d86d7fe024ae932,0159,Sales & Advisory - Delivery,WARLab > Sales & Advisory > Delivery,Cost Center
CC_0160,edd7eb4a93b260238c58ecbf8c6ce9a5,0160,Marketing - General,WARLab > Marketing > General,Cost Center
CC_0161,12d67674ba7565a00d746d14b5278aae,0161,Marketing - Projects,WARLab > Marketing > Projects,Cost Center
CC_0162,2a69a639c0cd4ab0215732516f2d3d18,0162,Marketing - Operations,WARLab > Marketing > Operations,Cost Center
CC_0163,7780fa592684da1ad4507d87b4272f22,0163,Marketing - Support,WARLab > Marketing > Support,Cost Center
CC_0164,28a555572bd79b2d67fc69ebe1444ad1,0164,Marketing - Strategy,WARLab > Marketing > Strategy,Cost Center
CC_0165,288db7c29677845322ad4aaacdfb4611,0165,Marketing - Analytics,WARLab > Marketing > Analytics,Cost Center
CC_0166,43506d0c50fa7443ad1e8e139a9a333b,0166,Marketing - Delivery,WARLab > Marketing > Delivery,Cost Center
CC_0167,d36eccf154940643a970e447ed12ca5e,0167,Marketing - Infrastructure,WARLab > Marketing > Infrastructure,Cost Center
CC_0168,6358676dca8681dcdf7c64c762e41d81,0168,Marketing - Advisory,WARLab > Marketing > Advisory,Cost Center
CC_0169,12c0f5bcfcd54048dae66c7e00bd9e29,0169,Investment Management - General,WARLab > Investment Management > General,Cost Center
CC_0170,d14dfd5a37efa9c5c82e8c9c0d8a94fa,0170,Investment Management - Projects,WARLab > Investment Management > Projects,Cost Center
CC_0171,d8d500be2a4615359a38df5d8d0eabe2,0171,Investment Management - Operations,WARLab > Investment Management > Operations,Cost Center
CC_0172,278a722c67f3059e684ec747cc43da5c,0172,Investment Management - Support,WARLab > Investment Management > Support,Cost Center
CC_0173,56872afc60976431a86ea84a75c37534,0173,Investment Management - Strategy,WARLab > Investment Management > Strategy,Cost Center
CC_0174,58331031a706cfbf448a59820c900b55,0174,Investment Management - Analytics,WARLab > Investment Management > Analytics,Cost Center
CC_0175,0909cf143f6f7c5523001008548740ee,0175,Investment Management - Delivery,WARLab > Investment Management > Delivery,Cost Center
CC_0176,ed42ba8531e85ff31d1136fed92aca5d,0176,Investment Management - Infrastructure,WARLab > Investment Management > Infrastructure,Cost Center
CC_0177,9d4d3765565c91efa0fd421ee064023f,0177,Investment Management - Advisory,WARLab > Investment Management > Advisory,Cost Center
CC_0178,b47731fbe0d3121848e1ee85192bf616,0178,Investment Management - Compliance,WARLab > Investment Management > Compliance,Cost Center
CC_0179,d8a0763c710c6332bfbb2552b4a6f57e,0179,Investment Management - Trading,WARLab > Investment Management > Trading,Cost Center
CC_0180,d157e903165b0994cfafc15d99513a7f,0180,Investment Management - Processing,WARLab > Investment Management > Processing,Cost Center
CC_0181,b07843c225948e0b6d08c5e6c4b5fab2,0181,Investment Management - Client Services,WARLab > Investment Management > Client Services,Cost Center
CC_0182,757a65635efdf3c9b57ec28b5de7c173,0182,Investment Management - Research,WARLab > Investment Management > Research,Cost Center
CC_0183,ce4f2e5900168da1bbbcaa292d5e0189,0183,Investment Management - Development,WARLab > Investment Management > Development,Cost Center
CC_0184,d9a957a1ded4e988e8a3e4760e414517,0184,Investment Management - Planning,WARLab > Investment Management > Planning,Cost Center
CC_0185,45a363b3498586389a0d5eb4925834c5,0185,Investment Management - Governance,WARLab > Investment Management > Governance,Cost Center
CC_0186,5b7c7da9b4101176f557bfd163a7ab70,0186,Investment Management - Reporting,WARLab > Investment Management > Reporting,Cost Center
CC_0187,3dd9248aba20e7228bbb4275c7f9b33e,0187,Corporate Services - General,WARLab > Corporate Services > General,Cost Center
CC_0188,6f10229ecb79fa9fbaf92cfb4b2fa4a9,0188,Corporate Services - Projects,WARLab > Corporate Services > Projects,Cost Center
CC_0189,ca537df44175cfb1c3b0a5aa5947bcaa,0189,Corporate Services - Operations,WARLab > Corporate Services > Operations,Cost Center
CC_0190,17aa577f45490591a2e0b440069015b0,0190,Corporate Services - Support,WARLab > Corporate Services > Support,Cost Center
CC_0191,d72766d4c8bc8059a5b24509d93297e5,0191,Corporate Services - Strategy,WARLab > Corporate Services > Strategy,Cost Center
CC_0192,e4fe565d2e46b1cc2adaebd1145fbddc,0192,Corporate Services - Analytics,WARLab > Corporate Services > Analytics,Cost Center
CC_0193,0f478780a31398a9aad2e8924c408d2a,0193,Corporate Services - Delivery,WARLab > Corporate Services > Delivery,Cost Center
CC_0194,817a7e3b360169b397f58a3a194b1651,0194,Corporate Services - Infrastructure,WARLab > Corporate Services > Infrastructure,Cost Center
CC_0195,5728cfd12f1b9f906a30780edebfbd4f,0195,Corporate Services - Advisory,WARLab > Corporate Services > Advisory,Cost Center
CC_0196,09e05ec257fa50b9a1ed0bb40af04c98,0196,Corporate Services - Compliance,WARLab > Corporate Services > Compliance,Cost Center
CC_0197,29434a43d9aad0f266cf5c3b72f2b064,0197,Corporate Services - Trading,WARLab > Corporate Services > Trading,Cost Center
CC_0198,8ab20d9578c71220a3135d97bf608ecc,0198,Corporate Services - Processing,WARLab > Corporate Services > Processing,Cost Center
