employee_id,name,reference_number,status
EMP-204117,Marcus Chen,PRV-2026-637420,submitted
EMP-204118,Aisha Patel,PRV-2026-847610,submitted
EMP-204119,Diego Hernandez,PRV-2026-802958,submitted
EMP-204120,Priya Krishnamurthy,PRV-2026-373266,submitted
EMP-204121,James O'Brien,PRV-2026-673489,submitted
EMP-204122,Yuki Tanaka,PRV-2026-135566,submitted
EMP-204123,Sarah Goldstein,PRV-2026-144314,submitted
EMP-204124,Kwame Asante,PRV-2026-287877,submitted
EMP-198445,Olivia Reyes,PRV-2026-596177,submitted
EMP-204125,Hassan Al-Rashid,PRV-2026-961586,submitted
EMP-204126,Megan Walsh,PRV-2026-321964,submitted
EMP-204127,Rohan Mehta,PRV-2026-369941,submitted
EMP-201339,Ingrid Lindqvist,PRV-2026-138991,submitted
EMP-204128,Tyler Brooks,PRV-2026-597820,submitted
EMP-204129,Camille Dubois,PRV-2026-427829,submitted
EMP-204130,Daniel Park,PRV-2026-920647,submitted
EMP-200122,Grace Okonkwo,PRV-2026-853206,submitted
EMP-204131,Andre Williams,PRV-2026-180246,submitted
EMP-203044,Nadia Volkov,PRV-2026-759499,submitted
EMP-204132,Chloe Nakamura,PRV-2026-715501,submitted
